{
  "AKGG": {
    "xE": -4.244574836673032,
    "yN": 6.221955042489944,
    "zV": 0.35019611900000003
  },
  "AKLV": {
    "xE": -1.7677533644105052,
    "yN": 2.2725848191107487,
    "zV": 0.54330034
  },
  "AKMO": {
    "xE": -5.477920742318134,
    "yN": -5.790374836251886,
    "zV": 0.297990048
  },
  "AKRB": {
    "xE": -9.32902438456132,
    "yN": -1.4528091110080028,
    "zV": 0.364130125
  },
  "AV06": {
    "xE": 10.695067474877963,
    "yN": 0.5454036872172899,
    "zV": 0.463075431
  },
  "AV07": {
    "xE": -7.188493723225915,
    "yN": 2.29941031417796,
    "zV": 0.5210425860000001
  },
  "AV08": {
    "xE": -6.519939868860499,
    "yN": -0.6656350960809836,
    "zV": 0.5983892660000001
  },
  "AV10": {
    "xE": -0.3225714797235971,
    "yN": -4.97215110923805,
    "zV": 0.329520899
  },
  "AV12": {
    "xE": 2.0491837994025177,
    "yN": 7.626908495832568,
    "zV": 0.404696868
  },
  "AV13": {
    "xE": 2.034404208043046,
    "yN": 1.2023486352773183,
    "zV": 0.49473078600000003
  },
  "AV14": {
    "xE": 5.726242766165519,
    "yN": -2.6029585922179708,
    "zV": 0.396322137
  },
  "AV15": {
    "xE": 14.35703605108024,
    "yN": -4.684531481081493,
    "zV": 0.457414694
  }
}